id,kommun,foretag_count,ratsit_link,created_at,updated_at,foretag_postort_saved
1,Ale kommun,3688,https://www.ratsit.se/foretag/Ale-kommun,2025-11-17 14:01:27,2025-11-17 16:38:41,1
2,Alingsås kommun,6628,https://www.ratsit.se/foretag/Alings%C3%A5s-kommun,2025-11-17 14:01:28,2025-11-17 16:39:15,1
3,Alvesta kommun,3156,https://www.ratsit.se/foretag/Alvesta-kommun,2025-11-17 14:01:28,2025-11-17 16:39:42,1
4,Aneby kommun,1296,https://www.ratsit.se/foretag/Aneby-kommun,2025-11-17 14:01:28,2025-11-17 16:40:02,1
5,Arboga kommun,1865,https://www.ratsit.se/foretag/Arboga-kommun,2025-11-17 14:01:29,2025-11-17 16:40:22,1
6,Arjeplogs kommun,752,https://www.ratsit.se/foretag/Arjeplogs-kommun,2025-11-17 14:01:29,2025-11-17 16:40:38,1
7,Arvidsjaurs kommun,1043,https://www.ratsit.se/foretag/Arvidsjaurs-kommun,2025-11-17 14:01:30,2025-11-17 16:40:53,1
8,Arvika kommun,4278,https://www.ratsit.se/foretag/Arvika-kommun,2025-11-17 14:01:30,2025-11-17 16:41:18,1
9,Askersunds kommun,1884,https://www.ratsit.se/foretag/Askersunds-kommun,2025-11-17 14:01:31,2025-11-17 16:41:42,1
10,Avesta kommun,3122,https://www.ratsit.se/foretag/Avesta-kommun,2025-11-17 14:01:31,2025-11-17 16:42:07,1
11,Bengtsfors kommun,2079,https://www.ratsit.se/foretag/Bengtsfors-kommun,2025-11-17 14:01:32,2025-11-17 16:42:26,1
12,Bergs kommun,2255,https://www.ratsit.se/foretag/Bergs-kommun,2025-11-17 14:01:32,2025-11-17 16:42:50,1
13,Bjurholms kommun,759,https://www.ratsit.se/foretag/Bjurholms-kommun,2025-11-17 14:01:33,2025-11-17 16:43:02,1
14,Bjuvs kommun,1551,https://www.ratsit.se/foretag/Bjuvs-kommun,2025-11-17 14:01:33,2025-11-17 16:43:24,1
15,Bodens kommun,4143,https://www.ratsit.se/foretag/Bodens-kommun,2025-11-17 14:01:34,2025-11-17 16:43:53,1
16,Bollebygds kommun,1568,https://www.ratsit.se/foretag/Bollebygds-kommun,2025-11-17 14:01:34,2025-11-17 16:44:11,1
17,Bollnäs kommun,4443,https://www.ratsit.se/foretag/Bolln%C3%A4s-kommun,2025-11-17 14:01:34,2025-11-17 16:44:40,1
18,Borgholms kommun,2619,https://www.ratsit.se/foretag/Borgholms-kommun,2025-11-17 14:01:35,2025-11-17 16:45:02,1
19,Borlänge kommun,6286,https://www.ratsit.se/foretag/Borl%C3%A4nge-kommun,2025-11-17 14:01:35,2025-11-17 16:45:41,1
20,Borås kommun,15762,https://www.ratsit.se/foretag/Bor%C3%A5s-kommun,2025-11-17 14:01:36,2025-11-17 16:47:13,1
21,Botkyrka kommun,9279,https://www.ratsit.se/foretag/Botkyrka-kommun,2025-11-17 14:01:36,2025-11-17 16:48:04,1
22,Boxholms kommun,178,https://www.ratsit.se/foretag/Boxholms-kommun,2025-11-17 14:01:37,2025-11-17 16:48:19,1
23,Bromölla kommun,1342,https://www.ratsit.se/foretag/Brom%C3%B6lla-kommun,2025-11-17 14:01:37,2025-11-17 16:48:39,1
24,Bräcke kommun,1528,https://www.ratsit.se/foretag/Br%C3%A4cke-kommun,2025-11-17 14:01:38,2025-11-17 16:48:56,1
25,Burlövs kommun,2040,https://www.ratsit.se/foretag/Burl%C3%B6vs-kommun,2025-11-17 14:01:38,2025-11-17 16:49:13,1
26,Båstads kommun,3661,https://www.ratsit.se/foretag/B%C3%A5stads-kommun,2025-11-17 14:01:38,2025-11-17 16:49:39,1
27,Dals-Eds kommun,1128,https://www.ratsit.se/foretag/Dals-Eds-kommun,2025-11-17 14:01:39,2025-11-17 16:49:51,1
28,Danderyds kommun,9282,https://www.ratsit.se/foretag/Danderyds-kommun,2025-11-17 14:01:39,2025-11-17 16:50:29,1
29,Degerfors kommun,1008,https://www.ratsit.se/foretag/Degerfors-kommun,2025-11-17 14:01:40,2025-11-17 16:50:50,1
30,Dorotea kommun,600,https://www.ratsit.se/foretag/Dorotea-kommun,2025-11-17 14:01:40,2025-11-17 16:51:11,1
31,Eda kommun,916,https://www.ratsit.se/foretag/Eda-kommun,2025-11-17 14:01:41,2025-11-17 16:51:35,1
32,Ekerö kommun,5264,https://www.ratsit.se/foretag/Eker%C3%B6-kommun,2025-11-17 14:01:41,2025-11-17 14:01:41,0
33,Eksjö kommun,2352,https://www.ratsit.se/foretag/Eksj%C3%B6-kommun,2025-11-17 14:01:42,2025-11-17 14:01:42,0
34,Emmaboda kommun,1651,https://www.ratsit.se/foretag/Emmaboda-kommun,2025-11-17 14:01:42,2025-11-17 14:01:42,0
35,Enköpings kommun,7162,https://www.ratsit.se/foretag/Enk%C3%B6pings-kommun,2025-11-17 14:01:42,2025-11-17 14:01:42,0
36,Eskilstuna kommun,10915,https://www.ratsit.se/foretag/Eskilstuna-kommun,2025-11-17 14:01:43,2025-11-17 14:01:43,0
37,Eslövs kommun,4185,https://www.ratsit.se/foretag/Esl%C3%B6vs-kommun,2025-11-17 14:01:43,2025-11-17 14:01:43,0
38,Essunga kommun,1152,https://www.ratsit.se/foretag/Essunga-kommun,2025-11-17 14:01:44,2025-11-17 14:01:44,0
39,Fagersta kommun,1212,https://www.ratsit.se/foretag/Fagersta-kommun,2025-11-17 14:01:44,2025-11-17 14:01:44,0
40,Falkenbergs kommun,7884,https://www.ratsit.se/foretag/Falkenbergs-kommun,2025-11-17 14:01:44,2025-11-17 14:01:44,0
41,Falköpings kommun,4889,https://www.ratsit.se/foretag/Falk%C3%B6pings-kommun,2025-11-17 14:01:45,2025-11-17 14:01:45,0
42,Falu kommun,20402,https://www.ratsit.se/foretag/Falu-kommun,2025-11-17 14:01:45,2025-11-17 14:01:45,0
43,Filipstads kommun,1077,https://www.ratsit.se/foretag/Filipstads-kommun,2025-11-17 14:01:46,2025-11-17 14:01:46,0
44,Finspångs kommun,2104,https://www.ratsit.se/foretag/Finsp%C3%A5ngs-kommun,2025-11-17 14:01:46,2025-11-17 14:01:46,0
45,Flens kommun,2018,https://www.ratsit.se/foretag/Flens-kommun,2025-11-17 14:01:47,2025-11-17 14:01:47,0
46,Forshaga kommun,1390,https://www.ratsit.se/foretag/Forshaga-kommun,2025-11-17 14:01:47,2025-11-17 14:01:47,0
47,Färgelanda kommun,1271,https://www.ratsit.se/foretag/F%C3%A4rgelanda-kommun,2025-11-17 14:01:48,2025-11-17 14:01:48,0
48,Gagnefs kommun,2051,https://www.ratsit.se/foretag/Gagnefs-kommun,2025-11-17 14:01:48,2025-11-17 14:01:48,0
49,Gislaveds kommun,4750,https://www.ratsit.se/foretag/Gislaveds-kommun,2025-11-17 14:01:48,2025-11-17 14:01:48,0
50,Gnesta kommun,1848,https://www.ratsit.se/foretag/Gnesta-kommun,2025-11-17 14:01:49,2025-11-17 14:01:49,0
51,Gnosjö kommun,1641,https://www.ratsit.se/foretag/Gnosj%C3%B6-kommun,2025-11-17 14:01:49,2025-11-17 14:01:49,0
52,Gotlands kommun,11839,https://www.ratsit.se/foretag/Gotlands-kommun,2025-11-17 14:01:50,2025-11-17 14:01:50,0
53,Grums kommun,1314,https://www.ratsit.se/foretag/Grums-kommun,2025-11-17 14:01:50,2025-11-17 14:01:50,0
54,Grästorps kommun,1093,https://www.ratsit.se/foretag/Gr%C3%A4storps-kommun,2025-11-17 14:01:51,2025-11-17 14:01:51,0
55,Gullspångs kommun,970,https://www.ratsit.se/foretag/Gullsp%C3%A5ngs-kommun,2025-11-17 14:01:51,2025-11-17 14:01:51,0
56,Gällivare kommun,2529,https://www.ratsit.se/foretag/G%C3%A4llivare-kommun,2025-11-17 14:01:51,2025-11-17 14:01:51,0
57,Gävle kommun,12546,https://www.ratsit.se/foretag/G%C3%A4vle-kommun,2025-11-17 14:01:52,2025-11-17 14:01:52,0
58,Göteborgs kommun,78032,https://www.ratsit.se/foretag/G%C3%B6teborgs-kommun,2025-11-17 14:01:52,2025-11-17 14:01:52,0
59,Göteborg - Centrum,23412,https://www.ratsit.se/foretag/G%C3%B6teborgs-kommun-Centrum,2025-11-17 14:01:53,2025-11-17 14:01:53,0
60,Göteborg - Hisingen,16036,https://www.ratsit.se/foretag/G%C3%B6teborgs-kommun-Hisingen,2025-11-17 14:01:53,2025-11-17 14:01:53,0
61,Göteborg - Nordost,8331,https://www.ratsit.se/foretag/G%C3%B6teborgs-kommun-Nordost,2025-11-17 14:01:54,2025-11-17 14:01:54,0
62,Göteborg - Väster,16913,https://www.ratsit.se/foretag/G%C3%B6teborgs-kommun-V%C3%A4ster,2025-11-17 14:01:54,2025-11-17 14:01:54,0
63,Göteborg - Öster,13340,https://www.ratsit.se/foretag/G%C3%B6teborgs-kommun-%C3%96ster,2025-11-17 14:01:55,2025-11-17 14:01:55,0
64,Götene kommun,1980,https://www.ratsit.se/foretag/G%C3%B6tene-kommun,2025-11-17 14:01:55,2025-11-17 14:01:55,0
65,Habo kommun,1722,https://www.ratsit.se/foretag/Habo-kommun,2025-11-17 14:01:56,2025-11-17 14:01:56,0
66,Hagfors kommun,1960,https://www.ratsit.se/foretag/Hagfors-kommun,2025-11-17 14:01:56,2025-11-17 14:01:56,0
67,Hallsbergs kommun,1957,https://www.ratsit.se/foretag/Hallsbergs-kommun,2025-11-17 14:01:56,2025-11-17 14:01:56,0
68,Hallstahammars kommun,1644,https://www.ratsit.se/foretag/Hallstahammars-kommun,2025-11-17 14:01:57,2025-11-17 14:01:57,0
69,Halmstads kommun,13630,https://www.ratsit.se/foretag/Halmstads-kommun,2025-11-17 14:01:57,2025-11-17 14:01:57,0
70,Hammarö kommun,1766,https://www.ratsit.se/foretag/Hammar%C3%B6-kommun,2025-11-17 14:01:58,2025-11-17 14:01:58,0
71,Haninge kommun,11065,https://www.ratsit.se/foretag/Haninge-kommun,2025-11-17 14:01:58,2025-11-17 14:01:58,0
72,Haparanda kommun,1455,https://www.ratsit.se/foretag/Haparanda-kommun,2025-11-17 14:01:59,2025-11-17 14:01:59,0
73,Heby kommun,1949,https://www.ratsit.se/foretag/Heby-kommun,2025-11-17 14:01:59,2025-11-17 14:01:59,0
74,Hedemora kommun,2621,https://www.ratsit.se/foretag/Hedemora-kommun,2025-11-17 14:01:59,2025-11-17 14:01:59,0
75,Helsingborgs kommun,19680,https://www.ratsit.se/foretag/Helsingborgs-kommun,2025-11-17 14:02:00,2025-11-17 14:02:00,0
76,Herrljunga kommun,1824,https://www.ratsit.se/foretag/Herrljunga-kommun,2025-11-17 14:02:00,2025-11-17 14:02:00,0
77,Hjo kommun,1318,https://www.ratsit.se/foretag/Hjo-kommun,2025-11-17 14:02:01,2025-11-17 14:02:01,0
78,Hofors kommun,985,https://www.ratsit.se/foretag/Hofors-kommun,2025-11-17 14:02:01,2025-11-17 14:02:01,0
79,Huddinge kommun,14356,https://www.ratsit.se/foretag/Huddinge-kommun,2025-11-17 14:02:02,2025-11-17 14:02:02,0
80,Hudiksvalls kommun,5774,https://www.ratsit.se/foretag/Hudiksvalls-kommun,2025-11-17 14:02:02,2025-11-17 14:02:02,0
81,Hultsfreds kommun,1904,https://www.ratsit.se/foretag/Hultsfreds-kommun,2025-11-17 14:02:02,2025-11-17 14:02:02,0
82,Hylte kommun,1715,https://www.ratsit.se/foretag/Hylte-kommun,2025-11-17 14:02:03,2025-11-17 14:02:03,0
83,Håbo kommun,2953,https://www.ratsit.se/foretag/H%C3%A5bo-kommun,2025-11-17 14:02:03,2025-11-17 14:02:03,0
84,Hällefors kommun,843,https://www.ratsit.se/foretag/H%C3%A4llefors-kommun,2025-11-17 14:02:04,2025-11-17 14:02:04,0
85,Härjedalens kommun,1048,https://www.ratsit.se/foretag/H%C3%A4rjedalens-kommun,2025-11-17 14:02:04,2025-11-17 14:02:04,0
86,Härnösands kommun,3172,https://www.ratsit.se/foretag/H%C3%A4rn%C3%B6sands-kommun,2025-11-17 14:02:04,2025-11-17 14:02:04,0
87,Härryda kommun,5792,https://www.ratsit.se/foretag/H%C3%A4rryda-kommun,2025-11-17 14:02:05,2025-11-17 14:02:05,0
88,Hässleholms kommun,7571,https://www.ratsit.se/foretag/H%C3%A4ssleholms-kommun,2025-11-17 14:02:05,2025-11-17 14:02:05,0
89,Höganäs kommun,4378,https://www.ratsit.se/foretag/H%C3%B6gan%C3%A4s-kommun,2025-11-17 14:02:06,2025-11-17 14:02:06,0
90,Högsby kommun,537,https://www.ratsit.se/foretag/H%C3%B6gsby-kommun,2025-11-17 14:02:06,2025-11-17 14:02:06,0
91,Hörby kommun,2826,https://www.ratsit.se/foretag/H%C3%B6rby-kommun,2025-11-17 14:02:07,2025-11-17 14:02:07,0
92,Höörs kommun,2636,https://www.ratsit.se/foretag/H%C3%B6%C3%B6rs-kommun,2025-11-17 14:02:07,2025-11-17 14:02:07,0
93,Jokkmokks kommun,1085,https://www.ratsit.se/foretag/Jokkmokks-kommun,2025-11-17 14:02:07,2025-11-17 14:02:07,0
94,Järfälla kommun,8848,https://www.ratsit.se/foretag/J%C3%A4rf%C3%A4lla-kommun,2025-11-17 14:02:08,2025-11-17 14:02:08,0
95,Jönköpings kommun,19663,https://www.ratsit.se/foretag/J%C3%B6nk%C3%B6pings-kommun,2025-11-17 14:02:08,2025-11-17 14:02:08,0
96,Kalix kommun,2864,https://www.ratsit.se/foretag/Kalix-kommun,2025-11-17 14:02:09,2025-11-17 14:02:09,0
97,Kalmar kommun,9109,https://www.ratsit.se/foretag/Kalmar-kommun,2025-11-17 14:02:09,2025-11-17 14:02:09,0
98,Karlsborgs kommun,1100,https://www.ratsit.se/foretag/Karlsborgs-kommun,2025-11-17 14:02:09,2025-11-17 14:02:09,0
99,Karlshamns kommun,3851,https://www.ratsit.se/foretag/Karlshamns-kommun,2025-11-17 14:02:10,2025-11-17 14:02:10,0
100,Karlskoga kommun,3033,https://www.ratsit.se/foretag/Karlskoga-kommun,2025-11-17 14:02:10,2025-11-17 14:02:10,0
101,Karlskrona kommun,7753,https://www.ratsit.se/foretag/Karlskrona-kommun,2025-11-17 14:02:11,2025-11-17 14:02:11,0
102,Karlstads kommun,13464,https://www.ratsit.se/foretag/Karlstads-kommun,2025-11-17 14:02:11,2025-11-17 14:02:11,0
103,Katrineholms kommun,3742,https://www.ratsit.se/foretag/Katrineholms-kommun,2025-11-17 14:02:11,2025-11-17 14:02:11,0
104,Kils kommun,2037,https://www.ratsit.se/foretag/Kils-kommun,2025-11-17 14:02:12,2025-11-17 14:02:12,0
105,Kinda kommun,1848,https://www.ratsit.se/foretag/Kinda-kommun,2025-11-17 14:02:12,2025-11-17 14:02:12,0
106,Kiruna kommun,3174,https://www.ratsit.se/foretag/Kiruna-kommun,2025-11-17 14:02:13,2025-11-17 14:02:13,0
107,Klippans kommun,2387,https://www.ratsit.se/foretag/Klippans-kommun,2025-11-17 14:02:13,2025-11-17 14:02:13,0
108,Knivsta kommun,2870,https://www.ratsit.se/foretag/Knivsta-kommun,2025-11-17 14:02:13,2025-11-17 14:02:13,0
109,Kramfors kommun,2165,https://www.ratsit.se/foretag/Kramfors-kommun,2025-11-17 14:02:14,2025-11-17 14:02:14,0
110,Kristianstads kommun,11103,https://www.ratsit.se/foretag/Kristianstads-kommun,2025-11-17 14:02:14,2025-11-17 14:02:14,0
111,Kristinehamns kommun,2906,https://www.ratsit.se/foretag/Kristinehamns-kommun,2025-11-17 14:02:15,2025-11-17 14:02:15,0
112,Krokoms kommun,3384,https://www.ratsit.se/foretag/Krokoms-kommun,2025-11-17 14:02:15,2025-11-17 14:02:15,0
113,Kumla kommun,2349,https://www.ratsit.se/foretag/Kumla-kommun,2025-11-17 14:02:16,2025-11-17 14:02:16,0
114,Kungsbacka kommun,14939,https://www.ratsit.se/foretag/Kungsbacka-kommun,2025-11-17 14:02:16,2025-11-17 14:02:16,0
115,Kungsörs kommun,1007,https://www.ratsit.se/foretag/Kungs%C3%B6rs-kommun,2025-11-17 14:02:16,2025-11-17 14:02:16,0
116,Kungälvs kommun,7497,https://www.ratsit.se/foretag/Kung%C3%A4lvs-kommun,2025-11-17 14:02:17,2025-11-17 14:02:17,0
117,Kävlinge kommun,4119,https://www.ratsit.se/foretag/K%C3%A4vlinge-kommun,2025-11-17 14:02:17,2025-11-17 14:02:17,0
118,Köpings kommun,2918,https://www.ratsit.se/foretag/K%C3%B6pings-kommun,2025-11-17 14:02:18,2025-11-17 14:02:18,0
119,Laholms kommun,4468,https://www.ratsit.se/foretag/Laholms-kommun,2025-11-17 14:02:18,2025-11-17 14:02:18,0
120,Landskrona kommun,4962,https://www.ratsit.se/foretag/Landskrona-kommun,2025-11-17 14:02:18,2025-11-17 14:02:18,0
121,Laxå kommun,854,https://www.ratsit.se/foretag/Lax%C3%A5-kommun,2025-11-17 14:02:19,2025-11-17 14:02:19,0
122,Lekebergs kommun,1507,https://www.ratsit.se/foretag/Lekebergs-kommun,2025-11-17 14:02:19,2025-11-17 14:02:19,0
123,Leksands kommun,3822,https://www.ratsit.se/foretag/Leksands-kommun,2025-11-17 14:02:20,2025-11-17 14:02:20,0
124,Lerums kommun,6101,https://www.ratsit.se/foretag/Lerums-kommun,2025-11-17 14:02:20,2025-11-17 14:02:20,0
125,Lessebo kommun,1089,https://www.ratsit.se/foretag/Lessebo-kommun,2025-11-17 14:02:20,2025-11-17 14:02:20,0
126,Lidingö kommun,10551,https://www.ratsit.se/foretag/Liding%C3%B6-kommun,2025-11-17 14:02:21,2025-11-17 14:02:21,0
127,Lidköpings kommun,5259,https://www.ratsit.se/foretag/Lidk%C3%B6pings-kommun,2025-11-17 14:02:21,2025-11-17 14:02:21,0
128,Lilla Edets kommun,1792,https://www.ratsit.se/foretag/Lilla-Edets-kommun,2025-11-17 14:02:22,2025-11-17 14:02:22,0
129,Lindesbergs kommun,3224,https://www.ratsit.se/foretag/Lindesbergs-kommun,2025-11-17 14:02:22,2025-11-17 14:02:22,0
130,Linköpings kommun,17169,https://www.ratsit.se/foretag/Link%C3%B6pings-kommun,2025-11-17 14:02:23,2025-11-17 14:02:23,0
131,Ljungby kommun,4965,https://www.ratsit.se/foretag/Ljungby-kommun,2025-11-17 14:02:23,2025-11-17 14:02:23,0
132,Ljusdals kommun,4199,https://www.ratsit.se/foretag/Ljusdals-kommun,2025-11-17 14:02:24,2025-11-17 14:02:24,0
133,Ljusnarsbergs kommun,724,https://www.ratsit.se/foretag/Ljusnarsbergs-kommun,2025-11-17 14:02:24,2025-11-17 14:02:24,0
134,Lomma kommun,3708,https://www.ratsit.se/foretag/Lomma-kommun,2025-11-17 14:02:25,2025-11-17 14:02:25,0
135,Ludvika kommun,2963,https://www.ratsit.se/foretag/Ludvika-kommun,2025-11-17 14:02:25,2025-11-17 14:02:25,0
136,Luleå kommun,12228,https://www.ratsit.se/foretag/Lule%C3%A5-kommun,2025-11-17 14:02:26,2025-11-17 14:02:26,0
137,Lunds kommun,21724,https://www.ratsit.se/foretag/Lunds-kommun,2025-11-17 14:02:26,2025-11-17 14:02:26,0
138,Lycksele kommun,2283,https://www.ratsit.se/foretag/Lycksele-kommun,2025-11-17 14:02:27,2025-11-17 14:02:27,0
139,Lysekils kommun,2021,https://www.ratsit.se/foretag/Lysekils-kommun,2025-11-17 14:02:27,2025-11-17 14:02:27,0
140,Malmö kommun,46569,https://www.ratsit.se/foretag/Malm%C3%B6-kommun,2025-11-17 14:02:28,2025-11-17 14:02:28,0
141,Malmö - Väster,16507,https://www.ratsit.se/foretag/Malm%C3%B6-kommun-V%C3%A4ster,2025-11-17 14:02:28,2025-11-17 14:02:28,0
142,Malmö - Öster,30062,https://www.ratsit.se/foretag/Malm%C3%B6-kommun-%C3%96ster,2025-11-17 14:02:28,2025-11-17 14:02:28,0
143,Malung-Sälens kommun,2981,https://www.ratsit.se/foretag/Malung-S%C3%A4lens-kommun,2025-11-17 14:02:29,2025-11-17 14:02:29,0
144,Malå kommun,743,https://www.ratsit.se/foretag/Mal%C3%A5-kommun,2025-11-17 14:02:30,2025-11-17 14:02:30,0
145,Mariestads kommun,2639,https://www.ratsit.se/foretag/Mariestads-kommun,2025-11-17 14:02:30,2025-11-17 14:02:30,0
146,Markaryds kommun,1611,https://www.ratsit.se/foretag/Markaryds-kommun,2025-11-17 14:02:30,2025-11-17 14:02:30,0
147,Marks kommun,5872,https://www.ratsit.se/foretag/Marks-kommun,2025-11-17 14:02:31,2025-11-17 14:02:31,0
148,Melleruds kommun,1883,https://www.ratsit.se/foretag/Melleruds-kommun,2025-11-17 14:02:31,2025-11-17 14:02:31,0
149,Mjölby kommun,2609,https://www.ratsit.se/foretag/Mj%C3%B6lby-kommun,2025-11-17 14:02:32,2025-11-17 14:02:32,0
150,Mora kommun,4880,https://www.ratsit.se/foretag/Mora-kommun,2025-11-17 14:02:32,2025-11-17 14:02:32,0
151,Motala kommun,3623,https://www.ratsit.se/foretag/Motala-kommun,2025-11-17 14:02:32,2025-11-17 14:02:32,0
152,Mullsjö kommun,954,https://www.ratsit.se/foretag/Mullsj%C3%B6-kommun,2025-11-17 14:02:33,2025-11-17 14:02:33,0
153,Munkedals kommun,1885,https://www.ratsit.se/foretag/Munkedals-kommun,2025-11-17 14:02:33,2025-11-17 14:02:33,0
154,Munkfors kommun,520,https://www.ratsit.se/foretag/Munkfors-kommun,2025-11-17 14:02:34,2025-11-17 14:02:34,0
155,Mölndals kommun,9351,https://www.ratsit.se/foretag/M%C3%B6lndals-kommun,2025-11-17 14:02:34,2025-11-17 14:02:34,0
156,Mönsterås kommun,1719,https://www.ratsit.se/foretag/M%C3%B6nster%C3%A5s-kommun,2025-11-17 14:02:35,2025-11-17 14:02:35,0
157,Mörbylånga kommun,2613,https://www.ratsit.se/foretag/M%C3%B6rbyl%C3%A5nga-kommun,2025-11-17 14:02:35,2025-11-17 14:02:35,0
158,Nacka kommun,20844,https://www.ratsit.se/foretag/Nacka-kommun,2025-11-17 14:02:35,2025-11-17 14:02:35,0
159,Nora kommun,1623,https://www.ratsit.se/foretag/Nora-kommun,2025-11-17 14:02:36,2025-11-17 14:02:36,0
160,Norbergs kommun,735,https://www.ratsit.se/foretag/Norbergs-kommun,2025-11-17 14:02:36,2025-11-17 14:02:36,0
161,Nordanstigs kommun,2105,https://www.ratsit.se/foretag/Nordanstigs-kommun,2025-11-17 14:02:37,2025-11-17 14:02:37,0
162,Nordmalings kommun,1531,https://www.ratsit.se/foretag/Nordmalings-kommun,2025-11-17 14:02:37,2025-11-17 14:02:37,0
163,Norrköpings kommun,15865,https://www.ratsit.se/foretag/Norrk%C3%B6pings-kommun,2025-11-17 14:02:38,2025-11-17 14:02:38,0
164,Norrtälje kommun,11478,https://www.ratsit.se/foretag/Norrt%C3%A4lje-kommun,2025-11-17 14:02:38,2025-11-17 14:02:38,0
165,Norsjö kommun,961,https://www.ratsit.se/foretag/Norsj%C3%B6-kommun,2025-11-17 14:02:38,2025-11-17 14:02:38,0
166,Nybro kommun,2586,https://www.ratsit.se/foretag/Nybro-kommun,2025-11-17 14:02:39,2025-11-17 14:02:39,0
167,Nykvarns kommun,1461,https://www.ratsit.se/foretag/Nykvarns-kommun,2025-11-17 14:02:39,2025-11-17 14:02:39,0
168,Nyköpings kommun,7337,https://www.ratsit.se/foretag/Nyk%C3%B6pings-kommun,2025-11-17 14:02:40,2025-11-17 14:02:40,0
169,Nynäshamns kommun,3718,https://www.ratsit.se/foretag/Nyn%C3%A4shamns-kommun,2025-11-17 14:02:40,2025-11-17 14:02:40,0
170,Nässjö kommun,4202,https://www.ratsit.se/foretag/N%C3%A4ssj%C3%B6-kommun,2025-11-17 14:02:40,2025-11-17 14:02:40,0
171,Ockelbo kommun,1201,https://www.ratsit.se/foretag/Ockelbo-kommun,2025-11-17 14:02:41,2025-11-17 14:02:41,0
172,Olofströms kommun,1591,https://www.ratsit.se/foretag/Olofstr%C3%B6ms-kommun,2025-11-17 14:02:41,2025-11-17 14:02:41,0
173,Orsa kommun,1560,https://www.ratsit.se/foretag/Orsa-kommun,2025-11-17 14:02:42,2025-11-17 14:02:42,0
174,Orust kommun,3324,https://www.ratsit.se/foretag/Orust-kommun,2025-11-17 14:02:42,2025-11-17 14:02:42,0
175,Osby kommun,1924,https://www.ratsit.se/foretag/Osby-kommun,2025-11-17 14:02:42,2025-11-17 14:02:42,0
176,Oskarshamns kommun,2751,https://www.ratsit.se/foretag/Oskarshamns-kommun,2025-11-17 14:02:43,2025-11-17 14:02:43,0
177,Ovanåkers kommun,2067,https://www.ratsit.se/foretag/Ovan%C3%A5kers-kommun,2025-11-17 14:02:43,2025-11-17 14:02:43,0
178,Oxelösunds kommun,814,https://www.ratsit.se/foretag/Oxel%C3%B6sunds-kommun,2025-11-17 14:02:44,2025-11-17 14:02:44,0
179,Pajala kommun,1140,https://www.ratsit.se/foretag/Pajala-kommun,2025-11-17 14:02:44,2025-11-17 14:02:44,0
180,Partille kommun,5147,https://www.ratsit.se/foretag/Partille-kommun,2025-11-17 14:02:44,2025-11-17 14:02:44,0
181,Perstorps kommun,795,https://www.ratsit.se/foretag/Perstorps-kommun,2025-11-17 14:02:45,2025-11-17 14:02:45,0
182,Piteå kommun,7128,https://www.ratsit.se/foretag/Pite%C3%A5-kommun,2025-11-17 14:02:45,2025-11-17 14:02:45,0
183,Ragunda kommun,1473,https://www.ratsit.se/foretag/Ragunda-kommun,2025-11-17 14:02:46,2025-11-17 14:02:46,0
184,Robertsfors kommun,1707,https://www.ratsit.se/foretag/Robertsfors-kommun,2025-11-17 14:02:46,2025-11-17 14:02:46,0
185,Ronneby kommun,3303,https://www.ratsit.se/foretag/Ronneby-kommun,2025-11-17 14:02:47,2025-11-17 14:02:47,0
186,Rättviks kommun,2568,https://www.ratsit.se/foretag/R%C3%A4ttviks-kommun,2025-11-17 14:02:47,2025-11-17 14:02:47,0
187,Sala kommun,3578,https://www.ratsit.se/foretag/Sala-kommun,2025-11-17 14:02:47,2025-11-17 14:02:47,0
188,Salems kommun,1824,https://www.ratsit.se/foretag/Salems-kommun,2025-11-17 14:02:48,2025-11-17 14:02:48,0
189,Sandvikens kommun,4472,https://www.ratsit.se/foretag/Sandvikens-kommun,2025-11-17 14:02:48,2025-11-17 14:02:48,0
190,Sigtuna kommun,6917,https://www.ratsit.se/foretag/Sigtuna-kommun,2025-11-17 14:02:49,2025-11-17 14:02:49,0
191,Simrishamns kommun,3833,https://www.ratsit.se/foretag/Simrishamns-kommun,2025-11-17 14:02:49,2025-11-17 14:02:49,0
192,Sjöbo kommun,3225,https://www.ratsit.se/foretag/Sj%C3%B6bo-kommun,2025-11-17 14:02:49,2025-11-17 14:02:49,0
193,Skara kommun,2495,https://www.ratsit.se/foretag/Skara-kommun,2025-11-17 14:02:50,2025-11-17 14:02:50,0
194,Skellefteå kommun,13101,https://www.ratsit.se/foretag/Skellefte%C3%A5-kommun,2025-11-17 14:02:50,2025-11-17 14:02:50,0
195,Skinnskattebergs kommun,621,https://www.ratsit.se/foretag/Skinnskattebergs-kommun,2025-11-17 14:02:51,2025-11-17 14:02:51,0
196,Skurups kommun,2474,https://www.ratsit.se/foretag/Skurups-kommun,2025-11-17 14:02:51,2025-11-17 14:02:51,0
197,Skövde kommun,4372,https://www.ratsit.se/foretag/Sk%C3%B6vde-kommun,2025-11-17 14:02:52,2025-11-17 14:02:52,0
198,Smedjebackens kommun,1559,https://www.ratsit.se/foretag/Smedjebackens-kommun,2025-11-17 14:02:52,2025-11-17 14:02:52,0
199,Sollefteå kommun,2686,https://www.ratsit.se/foretag/Sollefte%C3%A5-kommun,2025-11-17 14:02:52,2025-11-17 14:02:52,0
200,Sollentuna kommun,11236,https://www.ratsit.se/foretag/Sollentuna-kommun,2025-11-17 14:02:53,2025-11-17 14:02:53,0
201,Solna kommun,14943,https://www.ratsit.se/foretag/Solna-kommun,2025-11-17 14:02:53,2025-11-17 14:02:53,0
202,Sorsele kommun,827,https://www.ratsit.se/foretag/Sorsele-kommun,2025-11-17 14:02:54,2025-11-17 14:02:54,0
203,Sotenäs kommun,1834,https://www.ratsit.se/foretag/Soten%C3%A4s-kommun,2025-11-17 14:02:54,2025-11-17 14:02:54,0
204,Staffanstorps kommun,3141,https://www.ratsit.se/foretag/Staffanstorps-kommun,2025-11-17 14:02:54,2025-11-17 14:02:54,0
205,Stenungsunds kommun,4171,https://www.ratsit.se/foretag/Stenungsunds-kommun,2025-11-17 14:02:55,2025-11-17 14:02:55,0
206,Stockholms kommun,213058,https://www.ratsit.se/foretag/Stockholms-kommun,2025-11-17 14:02:55,2025-11-17 14:02:55,0
207,Stockholm - Bandhagen mfl,13443,https://www.ratsit.se/foretag/Stockholms-kommun-Bandhagen-mfl,2025-11-17 14:02:56,2025-11-17 14:02:56,0
208,Stockholm - Bromma,14693,https://www.ratsit.se/foretag/Stockholms-kommun-Bromma,2025-11-17 14:02:56,2025-11-17 14:02:56,0
209,Stockholm - Essingeöarna mm,16267,https://www.ratsit.se/foretag/Stockholms-kommun-Essinge%C3%B6arna-mm,2025-11-17 14:02:57,2025-11-17 14:02:57,0
210,Stockholm - Farsta mfl,12744,https://www.ratsit.se/foretag/Stockholms-kommun-Farsta-mfl,2025-11-17 14:02:57,2025-11-17 14:02:57,0
211,Stockholm - Hägersten mfl,20014,https://www.ratsit.se/foretag/Stockholms-kommun-H%C3%A4gersten-mfl,2025-11-17 14:02:57,2025-11-17 14:02:57,0
212,Stockholm - Norrmalm mm,80553,https://www.ratsit.se/foretag/Stockholms-kommun-Norrmalm-mm,2025-11-17 14:02:58,2025-11-17 14:02:58,0
213,Stockholm - Spånga mfl,18662,https://www.ratsit.se/foretag/Stockholms-kommun-Sp%C3%A5nga-mfl,2025-11-17 14:02:58,2025-11-17 14:02:58,0
214,Stockholm - Södermalm mm,36682,https://www.ratsit.se/foretag/Stockholms-kommun-S%C3%B6dermalm-mm,2025-11-17 14:02:59,2025-11-17 14:02:59,0
215,Storfors kommun,582,https://www.ratsit.se/foretag/Storfors-kommun,2025-11-17 14:02:59,2025-11-17 14:02:59,0
216,Storumans kommun,1169,https://www.ratsit.se/foretag/Storumans-kommun,2025-11-17 14:02:59,2025-11-17 14:02:59,0
217,Strängnäs kommun,5629,https://www.ratsit.se/foretag/Str%C3%A4ngn%C3%A4s-kommun,2025-11-17 14:03:00,2025-11-17 14:03:00,0
218,Strömstads kommun,2469,https://www.ratsit.se/foretag/Str%C3%B6mstads-kommun,2025-11-17 14:03:00,2025-11-17 14:03:00,0
219,Strömsunds kommun,2672,https://www.ratsit.se/foretag/Str%C3%B6msunds-kommun,2025-11-17 14:03:01,2025-11-17 14:03:01,0
220,Sundbybergs kommun,7495,https://www.ratsit.se/foretag/Sundbybergs-kommun,2025-11-17 14:03:01,2025-11-17 14:03:01,0
221,Sundsvalls kommun,19432,https://www.ratsit.se/foretag/Sundsvalls-kommun,2025-11-17 14:03:02,2025-11-17 14:03:02,0
222,Sunne kommun,3846,https://www.ratsit.se/foretag/Sunne-kommun,2025-11-17 14:03:02,2025-11-17 14:03:02,0
223,Surahammars kommun,627,https://www.ratsit.se/foretag/Surahammars-kommun,2025-11-17 14:03:02,2025-11-17 14:03:02,0
224,Svalövs kommun,2212,https://www.ratsit.se/foretag/Sval%C3%B6vs-kommun,2025-11-17 14:03:03,2025-11-17 14:03:03,0
225,Svedala kommun,2754,https://www.ratsit.se/foretag/Svedala-kommun,2025-11-17 14:03:03,2025-11-17 14:03:03,0
226,Svenljunga kommun,2227,https://www.ratsit.se/foretag/Svenljunga-kommun,2025-11-17 14:03:04,2025-11-17 14:03:04,0
227,Säffle kommun,2812,https://www.ratsit.se/foretag/S%C3%A4ffle-kommun,2025-11-17 14:03:04,2025-11-17 14:03:04,0
228,Säters kommun,1513,https://www.ratsit.se/foretag/S%C3%A4ters-kommun,2025-11-17 14:03:04,2025-11-17 14:03:04,0
229,Sävsjö kommun,2122,https://www.ratsit.se/foretag/S%C3%A4vsj%C3%B6-kommun,2025-11-17 14:03:05,2025-11-17 14:03:05,0
230,Söderhamns kommun,3469,https://www.ratsit.se/foretag/S%C3%B6derhamns-kommun,2025-11-17 14:03:05,2025-11-17 14:03:05,0
231,Söderköpings kommun,2288,https://www.ratsit.se/foretag/S%C3%B6derk%C3%B6pings-kommun,2025-11-17 14:03:06,2025-11-17 14:03:06,0
232,Södertälje kommun,11333,https://www.ratsit.se/foretag/S%C3%B6dert%C3%A4lje-kommun,2025-11-17 14:03:06,2025-11-17 14:03:06,0
233,Sölvesborgs kommun,2412,https://www.ratsit.se/foretag/S%C3%B6lvesborgs-kommun,2025-11-17 14:03:06,2025-11-17 14:03:06,0
234,Tanums kommun,3264,https://www.ratsit.se/foretag/Tanums-kommun,2025-11-17 14:03:07,2025-11-17 14:03:07,0
235,Tibro kommun,1549,https://www.ratsit.se/foretag/Tibro-kommun,2025-11-17 14:03:07,2025-11-17 14:03:07,0
236,Tidaholms kommun,1658,https://www.ratsit.se/foretag/Tidaholms-kommun,2025-11-17 14:03:08,2025-11-17 14:03:08,0
237,Tierps kommun,3290,https://www.ratsit.se/foretag/Tierps-kommun,2025-11-17 14:03:08,2025-11-17 14:03:08,0
238,Timrå kommun,2225,https://www.ratsit.se/foretag/Timr%C3%A5-kommun,2025-11-17 14:03:09,2025-11-17 14:03:09,0
239,Tingsryds kommun,2672,https://www.ratsit.se/foretag/Tingsryds-kommun,2025-11-17 14:03:09,2025-11-17 14:03:09,0
240,Tjörns kommun,3134,https://www.ratsit.se/foretag/Tj%C3%B6rns-kommun,2025-11-17 14:03:09,2025-11-17 14:03:09,0
241,Tomelilla kommun,2307,https://www.ratsit.se/foretag/Tomelilla-kommun,2025-11-17 14:03:10,2025-11-17 14:03:10,0
242,Torsby kommun,3353,https://www.ratsit.se/foretag/Torsby-kommun,2025-11-17 14:03:10,2025-11-17 14:03:10,0
243,Torsås kommun,1321,https://www.ratsit.se/foretag/Tors%C3%A5s-kommun,2025-11-17 14:03:11,2025-11-17 14:03:11,0
244,Tranemo kommun,2203,https://www.ratsit.se/foretag/Tranemo-kommun,2025-11-17 14:03:11,2025-11-17 14:03:11,0
245,Tranås kommun,2498,https://www.ratsit.se/foretag/Tran%C3%A5s-kommun,2025-11-17 14:03:11,2025-11-17 14:03:11,0
246,Trelleborg kommun,5499,https://www.ratsit.se/foretag/Trelleborg-kommun,2025-11-17 14:03:12,2025-11-17 14:03:12,0
247,Trollhättans kommun,5850,https://www.ratsit.se/foretag/Trollh%C3%A4ttans-kommun,2025-11-17 14:03:12,2025-11-17 14:03:12,0
248,Trosa kommun,2197,https://www.ratsit.se/foretag/Trosa-kommun,2025-11-17 14:03:13,2025-11-17 14:03:13,0
249,Tyresö kommun,6474,https://www.ratsit.se/foretag/Tyres%C3%B6-kommun,2025-11-17 14:03:13,2025-11-17 14:03:13,0
250,Täby kommun,12560,https://www.ratsit.se/foretag/T%C3%A4by-kommun,2025-11-17 14:03:13,2025-11-17 14:03:13,0
251,Töreboda kommun,1249,https://www.ratsit.se/foretag/T%C3%B6reboda-kommun,2025-11-17 14:03:14,2025-11-17 14:03:14,0
252,Uddevalla kommun,8399,https://www.ratsit.se/foretag/Uddevalla-kommun,2025-11-17 14:03:14,2025-11-17 14:03:14,0
253,Ulricehamn kommun,4161,https://www.ratsit.se/foretag/Ulricehamn-kommun,2025-11-17 14:03:15,2025-11-17 14:03:15,0
254,Umeå kommun,21807,https://www.ratsit.se/foretag/Ume%C3%A5-kommun,2025-11-17 14:03:15,2025-11-17 14:03:15,0
255,Upplands-Bro kommun,3323,https://www.ratsit.se/foretag/Upplands-Bro-kommun,2025-11-17 14:03:16,2025-11-17 14:03:16,0
256,Upplands Väsby kommun,5458,https://www.ratsit.se/foretag/Upplands-V%C3%A4sby-kommun,2025-11-17 14:03:16,2025-11-17 14:03:16,0
257,Uppsala kommun,30740,https://www.ratsit.se/foretag/Uppsala-kommun,2025-11-17 14:03:16,2025-11-17 14:03:16,0
258,Uppvidinge kommun,1643,https://www.ratsit.se/foretag/Uppvidinge-kommun,2025-11-17 14:03:17,2025-11-17 14:03:17,0
259,Vadstena kommun,1349,https://www.ratsit.se/foretag/Vadstena-kommun,2025-11-17 14:03:17,2025-11-17 14:03:17,0
260,Vaggeryds kommun,2001,https://www.ratsit.se/foretag/Vaggeryds-kommun,2025-11-17 14:03:18,2025-11-17 14:03:18,0
261,Valdemarsviks kommun,1287,https://www.ratsit.se/foretag/Valdemarsviks-kommun,2025-11-17 14:03:18,2025-11-17 14:03:18,0
262,Vallentuna kommun,5116,https://www.ratsit.se/foretag/Vallentuna-kommun,2025-11-17 14:03:18,2025-11-17 14:03:18,0
263,Vansbro kommun,1538,https://www.ratsit.se/foretag/Vansbro-kommun,2025-11-17 14:03:19,2025-11-17 14:03:19,0
264,Vara kommun,3139,https://www.ratsit.se/foretag/Vara-kommun,2025-11-17 14:03:19,2025-11-17 14:03:19,0
265,Varbergs kommun,11111,https://www.ratsit.se/foretag/Varbergs-kommun,2025-11-17 14:03:20,2025-11-17 14:03:20,0
266,Vaxholms kommun,7026,https://www.ratsit.se/foretag/Vaxholms-kommun,2025-11-17 14:03:20,2025-11-17 14:03:20,0
267,Vellinge kommun,7208,https://www.ratsit.se/foretag/Vellinge-kommun,2025-11-17 14:03:21,2025-11-17 14:03:21,0
268,Vetlanda kommun,4729,https://www.ratsit.se/foretag/Vetlanda-kommun,2025-11-17 14:03:21,2025-11-17 14:03:21,0
269,Vilhelmina kommun,1641,https://www.ratsit.se/foretag/Vilhelmina-kommun,2025-11-17 14:03:22,2025-11-17 14:03:22,0
270,Vimmerby kommun,2774,https://www.ratsit.se/foretag/Vimmerby-kommun,2025-11-17 14:03:22,2025-11-17 14:03:22,0
271,Vindelns kommun,1341,https://www.ratsit.se/foretag/Vindelns-kommun,2025-11-17 14:03:23,2025-11-17 14:03:23,0
272,Vingåkers kommun,1214,https://www.ratsit.se/foretag/Ving%C3%A5kers-kommun,2025-11-17 14:03:24,2025-11-17 14:03:24,0
273,Vårgårda kommun,2212,https://www.ratsit.se/foretag/V%C3%A5rg%C3%A5rda-kommun,2025-11-17 14:03:24,2025-11-17 14:03:24,0
274,Vänersborgs kommun,4735,https://www.ratsit.se/foretag/V%C3%A4nersborgs-kommun,2025-11-17 14:03:25,2025-11-17 14:03:25,0
275,Vännäs kommun,1684,https://www.ratsit.se/foretag/V%C3%A4nn%C3%A4s-kommun,2025-11-17 14:03:25,2025-11-17 14:03:25,0
276,Värmdö kommun,8353,https://www.ratsit.se/foretag/V%C3%A4rmd%C3%B6-kommun,2025-11-17 14:03:25,2025-11-17 14:03:25,0
277,Värnamo kommun,5621,https://www.ratsit.se/foretag/V%C3%A4rnamo-kommun,2025-11-17 14:03:26,2025-11-17 14:03:26,0
278,Västerviks kommun,4101,https://www.ratsit.se/foretag/V%C3%A4sterviks-kommun,2025-11-17 14:03:26,2025-11-17 14:03:26,0
279,Västerås kommun,18919,https://www.ratsit.se/foretag/V%C3%A4ster%C3%A5s-kommun,2025-11-17 14:03:27,2025-11-17 14:03:27,0
280,Växjö kommun,14869,https://www.ratsit.se/foretag/V%C3%A4xj%C3%B6-kommun,2025-11-17 14:03:27,2025-11-17 14:03:27,0
281,Ydre kommun,270,https://www.ratsit.se/foretag/Ydre-kommun,2025-11-17 14:03:28,2025-11-17 14:03:28,0
282,Ystads kommun,4807,https://www.ratsit.se/foretag/Ystads-kommun,2025-11-17 14:03:28,2025-11-17 14:03:28,0
283,Åmåls kommun,1903,https://www.ratsit.se/foretag/%C3%85m%C3%A5ls-kommun,2025-11-17 14:03:29,2025-11-17 14:03:29,0
284,Ånge kommun,1315,https://www.ratsit.se/foretag/%C3%85nge-kommun,2025-11-17 14:03:29,2025-11-17 14:03:29,0
285,Åre kommun,3729,https://www.ratsit.se/foretag/%C3%85re-kommun,2025-11-17 14:03:30,2025-11-17 14:03:30,0
286,Årjängs kommun,2379,https://www.ratsit.se/foretag/%C3%85rj%C3%A4ngs-kommun,2025-11-17 14:03:30,2025-11-17 14:03:30,0
287,Åsele kommun,793,https://www.ratsit.se/foretag/%C3%85sele-kommun,2025-11-17 14:03:30,2025-11-17 14:03:30,0
288,Åstorps kommun,1687,https://www.ratsit.se/foretag/%C3%85storps-kommun,2025-11-17 14:03:31,2025-11-17 14:03:31,0
289,Åtvidabergs kommun,1489,https://www.ratsit.se/foretag/%C3%85tvidabergs-kommun,2025-11-17 14:03:31,2025-11-17 14:03:31,0
290,Älmhults kommun,2751,https://www.ratsit.se/foretag/%C3%84lmhults-kommun,2025-11-17 14:03:32,2025-11-17 14:03:32,0
291,Älvdalens kommun,1347,https://www.ratsit.se/foretag/%C3%84lvdalens-kommun,2025-11-17 14:03:32,2025-11-17 14:03:32,0
292,Älvkarleby kommun,808,https://www.ratsit.se/foretag/%C3%84lvkarleby-kommun,2025-11-17 14:03:32,2025-11-17 14:03:32,0
293,Älvsbyns kommun,1578,https://www.ratsit.se/foretag/%C3%84lvsbyns-kommun,2025-11-17 14:03:33,2025-11-17 14:03:33,0
294,Ängelholms kommun,6643,https://www.ratsit.se/foretag/%C3%84ngelholms-kommun,2025-11-17 14:03:33,2025-11-17 14:03:33,0
295,Öckerö kommun,2178,https://www.ratsit.se/foretag/%C3%96cker%C3%B6-kommun,2025-11-17 14:03:34,2025-11-17 14:03:34,0
296,Ödeshögs kommun,922,https://www.ratsit.se/foretag/%C3%96desh%C3%B6gs-kommun,2025-11-17 14:03:34,2025-11-17 14:03:34,0
297,Örebro kommun,19873,https://www.ratsit.se/foretag/%C3%96rebro-kommun,2025-11-17 14:03:35,2025-11-17 14:03:35,0
298,Örkelljunga kommun,1605,https://www.ratsit.se/foretag/%C3%96rkelljunga-kommun,2025-11-17 14:03:35,2025-11-17 14:03:35,0
299,Örnsköldsviks kommun,9177,https://www.ratsit.se/foretag/%C3%96rnsk%C3%B6ldsviks-kommun,2025-11-17 14:03:35,2025-11-17 14:03:35,0
300,Östersunds kommun,11418,https://www.ratsit.se/foretag/%C3%96stersunds-kommun,2025-11-17 14:03:36,2025-11-17 14:03:36,0
301,Österåkers kommun,7628,https://www.ratsit.se/foretag/%C3%96ster%C3%A5kers-kommun,2025-11-17 14:03:36,2025-11-17 14:03:36,0
302,Östhammars kommun,3358,https://www.ratsit.se/foretag/%C3%96sthammars-kommun,2025-11-17 14:03:37,2025-11-17 14:03:37,0
303,Östra Göinge kommun,1838,https://www.ratsit.se/foretag/%C3%96stra-G%C3%B6inge-kommun,2025-11-17 14:03:37,2025-11-17 14:03:37,0
304,Överkalix kommun,830,https://www.ratsit.se/foretag/%C3%96verkalix-kommun,2025-11-17 14:03:38,2025-11-17 14:03:38,0
305,Övertorneå kommun,1122,https://www.ratsit.se/foretag/%C3%96vertorne%C3%A5-kommun,2025-11-17 14:03:38,2025-11-17 14:03:38,0
